Thread Title,Thread URL
Do Qubely blocks plugin work with this plugin?,https://wordpress.org/support/topic/do-qubely-blocks-plugin-work-with-this-plugin/
How do I add a student?,https://wordpress.org/support/topic/how-do-i-add-a-student/
Different Icons for Lessons and Assignments on Frontend in Tutor LMS,https://wordpress.org/support/topic/different-icons-for-lessons-and-assignments-on-frontend-in-tutor-lms/
Course Edit,https://wordpress.org/support/topic/course-edit/
Guest Checkout,https://wordpress.org/support/topic/guest-checkout-16/
Link into User Dashboard doesn’t work,https://wordpress.org/support/topic/link-into-user-dashboard-doesnt-work/
Unable to add spacing between header and Tutor LMS content,https://wordpress.org/support/topic/unable-to-add-spacing-between-header-and-tutor-lms-content/
Urgent: “Add to Cart” Not Working – Business Impacted,https://wordpress.org/support/topic/urgent-add-to-cart-not-working-business-impacted/
How to restore “Course Settings” tab on Gutenberg backend course builder,https://wordpress.org/support/topic/how-to-restore-course-settings-tab-on-gutenberg-backend-course-builder/
Still nothing about how to remove /blog/ in course slug on multisite?,https://wordpress.org/support/topic/still-nothing-about-how-to-remove-blog-in-course-slug-on-multisite/
Remove ‘Mark as Complete’ and instead use ‘Next’?,https://wordpress.org/support/topic/remove-mark-as-complete-and-instead-use-next/
Social login with Google,https://wordpress.org/support/topic/social-login-with-google/
Two Measure Issue with Mentor Access,https://wordpress.org/support/topic/two-measure-issue-with-mentor-access/
YouTube videos are recognised as Invalid Video Source,https://wordpress.org/support/topic/youtube-videos-are-recognised-as-invalid-video-source/
How to add email verification to registration for stopping bots from registering,https://wordpress.org/support/topic/how-to-add-email-verification-to-registration-for-stopping-bots-from-registering/
[NSFW] Notice: Function _load_textdomain_just_in_time was called incorrectly,https://wordpress.org/support/topic/notice-function-_load_textdomain_just_in_time-was-called-incorrectly-24/
Quiz Question Pagination Problem,https://wordpress.org/support/topic/quiz-question-pagination-problem/
Dashboard Page Not Working After Pretty Permalinks Enabled,https://wordpress.org/support/topic/dashboard-page-not-working-after-pretty-permalinks-enabled/
quiz options,https://wordpress.org/support/topic/quiz-options/
Redirection after login,https://wordpress.org/support/topic/redirection-after-login-9/
I can’t embed external videos to my introductory video courses,https://wordpress.org/support/topic/i-cant-embed-external-videos-to-my-introductory-video-courses/
Resetting Attempts for Students in Tutor LMS,https://wordpress.org/support/topic/resetting-attempts-for-students-in-tutor-lms/
Woocommerce ecommerce engine Cart issue,https://wordpress.org/support/topic/woocommerce-ecommerce-engine-cart-issue/
Videos Stopped Working!,https://wordpress.org/support/topic/videos-stopped-working-2/
Add Custom Fee eCommerce Engine Navite,https://wordpress.org/support/topic/add-custom-fee-ecommerce-engine-navite/
Courses show up as WordPress ‘Posts’,https://wordpress.org/support/topic/courses-show-up-as-wordpress-posts/
Quiz Repeats After Completion,https://wordpress.org/support/topic/quiz-repeats-after-completion/
Mobile Number Registration and OTP Login Support,https://wordpress.org/support/topic/mobile-number-registration-and-otp-login-support/
What Happens to Enrolled Students When a Course Bundle is Drafted in Tutor LMS?,https://wordpress.org/support/topic/what-happens-to-enrolled-students-when-a-course-bundle-is-drafted-in-tutor-lms/
Show video thumbnails,https://wordpress.org/support/topic/show-video-thumbnails-2/
Enable Login via Phone Number for New Registrations in Tutor LMS,https://wordpress.org/support/topic/enable-login-via-phone-number-for-new-registrations-in-tutor-lms/
Edit individual lesson with elementor,https://wordpress.org/support/topic/edit-individual-lesson-with-elementor/
can we add buy now button in course detail page,https://wordpress.org/support/topic/can-we-add-buy-now-button-in-course-detail-page/
Missing a lot of String translations,https://wordpress.org/support/topic/missing-a-lot-of-string-translations/
Issue with Course Bundle Author Assignment & Revenue Sharing,https://wordpress.org/support/topic/issue-with-course-bundle-author-assignment-revenue-sharing/
Edit all courses,https://wordpress.org/support/topic/edit-all-courses/
Student Registration Tutor LMS,https://wordpress.org/support/topic/student-registration-tutor-lms/
WooCommerce and Tutor LMS are not well integrated,https://wordpress.org/support/topic/woocommerce-and-tutor-lms-are-not-well-integrated/
Bug: X-out button doesn’t work on checkout page,https://wordpress.org/support/topic/bug-x-out-button-doesnt-work-on-checkout-page/
Paypal in Native engine – payment not confirmed,https://wordpress.org/support/topic/paypal-in-native-engine-payment-not-confirmed/
Assignment page not working,https://wordpress.org/support/topic/assignment-page-not-working/
Vimeo videos not working,https://wordpress.org/support/topic/vimeo-videos-not-working-4/
Enrollment,https://wordpress.org/support/topic/enrollment-2/
emails not sending after purchase via CartFlows,https://wordpress.org/support/topic/emails-not-sending-after-purchase-via-cartflows/
Vimeo Share Link Not Working with Tutor LMS Course Player,https://wordpress.org/support/topic/vimeo-share-link-not-working-with-tutor-lms-course-player/
Sharing Zoom meeting link on email,https://wordpress.org/support/topic/sharing-zoom-meeting-link-on-email/
Removing woocommerce from existing flow,https://wordpress.org/support/topic/removing-woocommerce-from-existing-flow/
Pages not loading,https://wordpress.org/support/topic/pages-not-loading-29/
Can’t add to cart,https://wordpress.org/support/topic/cant-add-to-cart-14/
Fatal error: Uncaught Exception: Table ‘xxx_10_tutor_carts’ doesn’t exist,https://wordpress.org/support/topic/fatal-error-uncaught-exception-table-xxx_10_tutor_carts-doesnt-exist/
Paypal test with sandbox – no email confirmations,https://wordpress.org/support/topic/paypal-test-with-sandbox-no-email-confirmations/
Date Picker,https://wordpress.org/support/topic/date-picker-51/
‘the content’ function,https://wordpress.org/support/topic/the-content-function/
Auto Complete Orders not Working,https://wordpress.org/support/topic/auto-complete-orders-not-working/
Paypal Card Checkout functionality,https://wordpress.org/support/topic/paypal-card-checkout-functionality/
[NSFW] The lecture is not progressing,https://wordpress.org/support/topic/the-lecture-is-not-progressing/
We can integrate apple/google payment systems,https://wordpress.org/support/topic/we-can-integrate-apple-google-payment-systems/
Login Issues in Tutor LMS 3,https://wordpress.org/support/topic/login-issues-in-tutor-lms-3/
Student registration page is blocked,https://wordpress.org/support/topic/student-registration-page-is-blocked/
Student Management System Integration with Tutor LMS,https://wordpress.org/support/topic/student-management-system-integration-with-tutor-lms/
User Deletion Leads to Data Wipe,https://wordpress.org/support/topic/%e2%9a%a0%ef%b8%8f-critical-user-deletion-leads-to-data-wipe/
“password forgotten” not working,https://wordpress.org/support/topic/password-forgotten-not-working-2/
eCommerce Engine – Native,https://wordpress.org/support/topic/ecommerce-engine-native/
Closing date for assessments,https://wordpress.org/support/topic/closing-date-for-assessments/
Enabling Multi-Currency Payments for Tutor LMS Pro on WordPress,https://wordpress.org/support/topic/enabling-multi-currency-payments-for-tutor-lms-pro-on-wordpress/
The order not completing after pay with PayPal,https://wordpress.org/support/topic/the-order-not-completing-after-pay-with-paypal/
PayPal payment not working（free version）,https://wordpress.org/support/topic/paypal-payment-not-working%ef%bc%88free-version%ef%bc%89/
Guest Buy in native eCommerce engine,https://wordpress.org/support/topic/guest-buy-in-native-ecommerce-engine/
Course builder translation not loaded,https://wordpress.org/support/topic/course-builder-translation-not-loaded/
mandatory checkbox for revocation at checkout,https://wordpress.org/support/topic/mandatory-checkbox-for-revocation-at-checkout/
"BUG scheduling course, it change to yesterday",https://wordpress.org/support/topic/bug-scheduling-course-it-change-to-yesterday/
Intro Video as Course Curriculum,https://wordpress.org/support/topic/intro-video-as-course-curriculum/
How to add custom reviews?,https://wordpress.org/support/topic/how-to-add-custom-reviews/
Course creating and editting problem,https://wordpress.org/support/topic/course-creating-and-editting-problem/
Removing Wishlist Button,https://wordpress.org/support/topic/removing-wishlist-button/
Guest user access does not work,https://wordpress.org/support/topic/guest-user-access-does-not-work/
Influx in bot accounts static nouce value,https://wordpress.org/support/topic/influx-in-bought-accounts-static-nouce-value/
Error 404,https://wordpress.org/support/topic/error-404-110/
Customizing User Registration Fields in Tutor LMS,https://wordpress.org/support/topic/customizing-user-registration-fields-in-tutor-lms/
Front End “About Lesson” removal,https://wordpress.org/support/topic/front-end-about-lesson-removal/
Creating an Account as a Student,https://wordpress.org/support/topic/creating-an-account-as-a-student/
Error in Course-Builder,https://wordpress.org/support/topic/error-in-course-builder/
Lesson and Dashboard Customisation,https://wordpress.org/support/topic/lesson-and-dashboard-customisation/
Divi Theme Builder Compatibility,https://wordpress.org/support/topic/divi-theme-builder-compatibility/
"Red Boxes & Editing Issues After Tutor LMS Update (March 3, 2025)",https://wordpress.org/support/topic/red-boxes-editing-issues-after-tutor-lms-update-march-3-2025/
Add Media Link Broken In Latest Pro Update,https://wordpress.org/support/topic/add-media-link-broken-in-latest-pro-update/
typo in the tab,https://wordpress.org/support/topic/typo-in-the-tab/
Error when sign-up process,https://wordpress.org/support/topic/error-when-sign-up-process/
Valid YouTube URL prompted as invalid just because it has an underscore,https://wordpress.org/support/topic/valid-youtube-url-prompted-as-invalid-just-because-it-has-an-underscore/
Bug in Tutor LMS: Student Registration Date Keeps Changing,https://wordpress.org/support/topic/bug-in-tutor-lms-student-registration-date-keeps-changing/
Are there any course widgets registered in Elementor?,https://wordpress.org/support/topic/are-there-any-course-widgets-registered-in-elementor/
Translation in German,https://wordpress.org/support/topic/translation-in-german-5/
How Can I Protect My Course Videos From Downloading?,https://wordpress.org/support/topic/how-can-i-protect-my-course-videos-from-downloading/
Urgent Security Issue – Zoom Meeting ID & Passcode Exposed,https://wordpress.org/support/topic/urgent-security-issue-zoom-meeting-id-passcode-exposed/
Unable to download certificates,https://wordpress.org/support/topic/unable-to-download-certificates-2/
Quiz redirects back even when passed,https://wordpress.org/support/topic/quiz-redirects-back-even-when-passed/
Compatibility between Divi and Tutor LMS,https://wordpress.org/support/topic/compatibility-between-divi-and-tutor-lms/
Payment and Checkout page,https://wordpress.org/support/topic/payment-and-checkout-page/
Order Received and 404 Not Found,https://wordpress.org/support/topic/order-received-and-404-not-found/
change content order in single course page,https://wordpress.org/support/topic/change-content-order-in-single-course-page/
Inquiry About Adding Clickable Links in Course Announcements,https://wordpress.org/support/topic/inquiry-about-adding-clickable-links-in-course-announcements/
Error 404,https://wordpress.org/support/topic/error-404-109/
add logout text in theme header,https://wordpress.org/support/topic/add-logout-text-in-theme-header/
Paid Memberships Pro – WPML,https://wordpress.org/support/topic/paid-memberships-pro-wpml/
Manually Order Courses in Tutor LMS,https://wordpress.org/support/topic/manually-order-courses-in-tutor-lms/
How to change “Fully Booked” text from card to “Comming Soon”,https://wordpress.org/support/topic/how-to-change-fully-booked-text-from-card-to-comming-soon/
Add end date option to Quiz and assignment,https://wordpress.org/support/topic/add-end-date-option-to-quiz-and-assignment/
Follow-up on YouTube Video Quality Issue in Tutor LMS,https://wordpress.org/support/topic/follow-up-on-youtube-video-quality-issue-in-tutor-lms/
Problemas con el registro de estudiantes,https://wordpress.org/support/topic/problemas-con-el-registro-de-estudiantes/
PayPal Problems,https://wordpress.org/support/topic/paypal-problems-5/
cant dawnload strip,https://wordpress.org/support/topic/cant-dawnload-strip/
Tutor cart doesn’t work,https://wordpress.org/support/topic/tutor-cart-doesnt-work/
Add courses to students,https://wordpress.org/support/topic/cant-see-on-tutor-dashboard-order-made-by-web-admin-on-backend/
I would like to embed custom HTML,https://wordpress.org/support/topic/i-would-like-to-embed-custom-html/
Quiz attempts Still shows after deleting,https://wordpress.org/support/topic/quiz-attempts-still-shows-after-deleting/
I tried to use tutor LMS plugin with Elementor’s TUTOR LMS ADDONS,https://wordpress.org/support/topic/i-tried-to-use-tutor-lms-plugin-with-elementors-tutor-lms-addons/
How can I add “Refund” button for customers to request refund?,https://wordpress.org/support/topic/how-can-i-add-refund-button-for-customers-to-request-refund/
issue with translation,https://wordpress.org/support/topic/issue-with-translation-7/
Issue with add to cart with Tutor lms and WooCommerce,https://wordpress.org/support/topic/issue-with-add-to-cart-with-tutor-lms-and-woocommerce/
Tutor LMS menu Not Shown in WP Admin except “Update to Pro”,https://wordpress.org/support/topic/tutor-lms-menu-not-shown-in-wp-admin-except-update-to-pro/
Enrolling Problem,https://wordpress.org/support/topic/enrolling-problem/
Tutor LMS Course Detail Page not Found,https://wordpress.org/support/topic/tutor-lms-course-detail-page-not-found/
Checkout Transparent,https://wordpress.org/support/topic/checkout-transparent-3/
Expanding Lesson Content Width in Tutor LMS,https://wordpress.org/support/topic/expanding-lesson-content-width-in-tutor-lms/
Double Headers/Footers on Tutor LMS Course Page,https://wordpress.org/support/topic/double-headers-footers-on-tutor-lms-course-page/
Course Enrollment Filter or Hook in Tutor LMS,https://wordpress.org/support/topic/course-enrollment-filter-or-hook-in-tutor-lms/
TutorLMS + polylang,https://wordpress.org/support/topic/tutorlms-polylang/
Tutor LMS + Loco Translate,https://wordpress.org/support/topic/tutor-lms-loco-translate/
PSA: TutorLMS with hCaptcha plugin bug,https://wordpress.org/support/topic/psa-tutorlms-with-hcaptcha-plugin-bug/
How To Show Enrolled Courses To Users,https://wordpress.org/support/topic/how-to-show-enrolled-courses-to-users/
Is it possible to pay by credit card through the Paypal option?(free version),https://wordpress.org/support/topic/is-it-possible-to-pay-by-credit-card-through-the-paypal-optionfree-version/
Tutor zastępuje moje style,https://wordpress.org/support/topic/tutor-zastepuje-moje-style/
Whats the best mode to translate Tutor Lms Pro + Theme Tutor Stater to PT-BR?,https://wordpress.org/support/topic/whats-the-best-mode-to-translate-tutor-lms-pro-theme-tutor-stater-to-pt-br/
Tutor LMS Quizes looping/ lagging Issue,https://wordpress.org/support/topic/tutor-lms-quizes-looping-lagging-issue/
The PayPal payment method is not displayed on the website,https://wordpress.org/support/topic/the-paypal-payment-method-is-not-displayed-on-the-website/
Videopress issue,https://wordpress.org/support/topic/videopress-issue/
Can’t edit when actvie tutor lms,https://wordpress.org/support/topic/cant-edit-when-actvie-tutor-lms/
Error page after registration,https://wordpress.org/support/topic/error-page-after-registration-2/
Error: 150 Foreign key constraint is incorrectly formed,https://wordpress.org/support/topic/error-150-foreign-key-constraint-is-incorrectly-formed/
Past imag to tutor lms editor text,https://wordpress.org/support/topic/past-imag-to-tutor-lms-editor-text-2/
WP Job Manager+Cliptakes+Tutor LMS+Ultimate Member,https://wordpress.org/support/topic/wp-job-managercliptakestutor-lmsultimate-member/
Can’t see list of courses in the dashboard of Tutor LMS,https://wordpress.org/support/topic/cant-see-list-of-courses-in-the-dashboard-of-tutor-lms/
Transfer course from TutorLMS to TutorLMS,https://wordpress.org/support/topic/transfer-course-from-tutorlms-to-tutorlms/
Problem with login social plugin,https://wordpress.org/support/topic/problem-with-login-social-plugin/
Past imag to tutor lms editor text,https://wordpress.org/support/topic/past-imag-to-tutor-lms-editor-text/
After loco translate the course filter categori doesnt stack,https://wordpress.org/support/topic/after-loco-translate-the-course-filter-categori-doesnt-stack/
Enroll Student to Tutor lms Course Using WooCommerce Order API,https://wordpress.org/support/topic/enroll-student-to-tutor-lms-course-using-woocommerce-order-api/
Scorm files in course builder,https://wordpress.org/support/topic/scorm-files-in-course-builder/
“Something Went Wrong!” Error When Changing Pages in Tutor LMS,https://wordpress.org/support/topic/something-went-wrong-error-when-changing-pages-in-tutor-lms/
Password Reset Email Template Not Available in Tutor LMS Pro,https://wordpress.org/support/topic/password-reset-email-template-not-available-in-tutor-lms-pro/
TutorLMS Pro Customer Support is Very Poor. I’ve Been Facing Lot of Issues,https://wordpress.org/support/topic/tutorlms-pro-customer-support-is-very-poor-ive-been-facing-lot-of-issues/
import students error,https://wordpress.org/support/topic/import-students-error/
Compatibility Regarding New Course Builder,https://wordpress.org/support/topic/compatibility-regarding-new-course-builder/
Feature Req.: Subcategories under Tutor LMS Elementor addon-Course List- Querry,https://wordpress.org/support/topic/subcategory-selection-not-available-in-tutor-lms-elementor-addon-querry/
Where can the instructor see withdrawal guidance?,https://wordpress.org/support/topic/where-can-the-instructor-see-withdrawal-guidance/
Mercado Pago,https://wordpress.org/support/topic/mercado-pago-9/
Add to basket with Native Tutor E commerce,https://wordpress.org/support/topic/add-to-basket-with-native-tutor-e-commerce/
Issue with Completed Courses Not Showing in Tutor LMS,https://wordpress.org/support/topic/issue-with-completed-courses-not-showing-in-tutor-lms/
Strings in JS files are not translate able,https://wordpress.org/support/topic/strings-in-js-files-are-not-translate-able/
Is it possible to get user info to Tutor LMS instead of wp user?,https://wordpress.org/support/topic/is-it-possible-to-get-user-info-to-tutor-lms-instead-of-wp-user/
Course Builder/Create-Course Background Color,https://wordpress.org/support/topic/course-builder-create-course-background-color/
Import Export Option,https://wordpress.org/support/topic/import-export-option-4/
Short cut cood to quize,https://wordpress.org/support/topic/short-cut-cood-to-quize/
number of students registered in the course,https://wordpress.org/support/topic/number-of-students-registered-in-the-course/
Low-Quality Playback Issue in Tutor LMS YouTube Player,https://wordpress.org/support/topic/low-quality-playback-issue-in-tutor-lms-youtube-player/
Loading problems with header and footer images,https://wordpress.org/support/topic/loading-problems-with-header-and-footer-images/
Something went wrong error,https://wordpress.org/support/topic/something-went-wrong-error-8/
WooCommerce Lost Password Link Not Working When Tutor LMS is Activated,https://wordpress.org/support/topic/woocommerce-lost-password-link-not-working-when-tutor-lms-is-activated/
Cannot Create New Course on Frontend,https://wordpress.org/support/topic/cannot-create-new-course-on-frontend/
lessons not work,https://wordpress.org/support/topic/lessons-not-work/
Q&A,https://wordpress.org/support/topic/qa-3/
This page doesn’t seem to exist.,https://wordpress.org/support/topic/this-page-doesnt-seem-to-exist-26/
WooCommerce TutorLMS order not set to complete automatically,https://wordpress.org/support/topic/woocommerce-tutorlms-order-not-set-to-complete-automatically/
Tutor LMS automatic goods in Woocommerce for courses,https://wordpress.org/support/topic/tutor-lms-automatic-goods-in-woocommerce-for-courses/
Can’t find user enrollment information in database,https://wordpress.org/support/topic/cant-find-user-enrollment-information-in-database/
Google Classroom import not working,https://wordpress.org/support/topic/google-classroom-import-not-working/
Cart Page change,https://wordpress.org/support/topic/cart-page-change/
Image and Category Sync Issue Between Tutor LMS Course and WooCommerce Product,https://wordpress.org/support/topic/image-and-category-sync-issue-between-tutor-lms-course-and-woocommerce-product/
Issue with “Add to Cart” Button for Unlogged-In Users (Free Version),https://wordpress.org/support/topic/issue-with-add-to-cart-button-for-unlogged-in-users-free-version/
Can’t see details of students,https://wordpress.org/support/topic/cant-see-details-of-students/
SEO and Unicode for Tutor LMS,https://wordpress.org/support/topic/seo-and-unicode-for-tutor-lms/
Tutor LMS video is paid but not showing,https://wordpress.org/support/topic/tutor-lms-video-is-paid-but-not-showing/
Tutor LMS and WooCommerce Integration: Account Setup and Course Access,https://wordpress.org/support/topic/tutor-lms-and-woocommerce-integration-account-setup-and-course-access/
2FA issue,https://wordpress.org/support/topic/2fa-issue-4/
Seeing Error “Register” link,https://wordpress.org/support/topic/seeing-error-register-link/
Doubts about Tutur Player,https://wordpress.org/support/topic/doubts-about-tutur-player/
Formulário de Cadastro não aparece,https://wordpress.org/support/topic/formulario-de-cadastro-nao-aparece/
Reset course data / students?,https://wordpress.org/support/topic/reset-course-data-students/
Issue with Displaying HTML Tags in the Biography Content,https://wordpress.org/support/topic/issue-with-displaying-html-tags-in-the-biography-content/
"integration with OneSignal,",https://wordpress.org/support/topic/integration-with-onesignal/
Custom Elementor Single Course Template Not Applying to Tutor LMS Courses,https://wordpress.org/support/topic/custom-elementor-single-course-template-not-applying-to-tutor-lms-courses-2/
Redirect to lesson instead of course section,https://wordpress.org/support/topic/redirect-to-lesson-instead-of-course-section/
YouTube video not fullscreen,https://wordpress.org/support/topic/youtube-video-not-fullscreen/
How to change the expiration date of a course for specific users,https://wordpress.org/support/topic/how-to-change-the-expiration-date-of-a-course-for-specific-users/
Using Gutenberg in Lessons?,https://wordpress.org/support/topic/using-gutenberg-in-lessons/
Inquiry to buy Tutor LMS PRO 3.0,https://wordpress.org/support/topic/inquiry-to-buy-tutor-lms-pro-3-0-2/
Inquiry to buy Tutor LMS PRO 3.0,https://wordpress.org/support/topic/inquiry-to-buy-tutor-lms-pro-3-0/
Queries for Bundles,https://wordpress.org/support/topic/queries-for-bundles/
Problem with automatic student enrollment,https://wordpress.org/support/topic/problem-with-automatic-student-enrollment/
videos freeze,https://wordpress.org/support/topic/videos-freeze/
Tutor LMS – Coupon error,https://wordpress.org/support/topic/tutor-lms-coupon-error/
Report not showing students for instructor in dashboard,https://wordpress.org/support/topic/report-not-showing-students-for-instructor-in-dashboard/
Missing translations,https://wordpress.org/support/topic/missing-translations-41/
Block/Site Editor Support,https://wordpress.org/support/topic/block-site-editor-support/
Hide “A Course By” section,https://wordpress.org/support/topic/hide-a-course-by-section/
Auto Student Enrollment,https://wordpress.org/support/topic/auto-student-enrollment/
Missing enrollment?,https://wordpress.org/support/topic/missing-enrollment/
Downloaded files in Tutor panel,https://wordpress.org/support/topic/downloaded-files-in-tutor-panel/
School Enrollment and Payment,https://wordpress.org/support/topic/school-enrollment-and-payment/
There is no total lessons? in tutor lms plugin,https://wordpress.org/support/topic/there-is-no-total-lessons-in-tutor-lms-plugin/
Conflict with Twenty Twenty Five,https://wordpress.org/support/topic/conflict-with-twenty-twenty-five/
Next lesson won’t auto load,https://wordpress.org/support/topic/next-lesson-wont-auto-load/
[OxygenBuilder + Oxygen LMS Plugin] Cart page empty,https://wordpress.org/support/topic/oxygenbuilder-oxygen-lms-plugin-cart-page-empty/
Unable To Access REST APIs,https://wordpress.org/support/topic/unable-to-access-rest-apis/
Tutor LMS automatic enroll,https://wordpress.org/support/topic/tutor-lms-automatic-enroll/
Fatal error in login_form_middle hook,https://wordpress.org/support/topic/fatal-error-in-login_form_middle-hook/
Quizz without time limit = leave without alert message,https://wordpress.org/support/topic/quizz-without-time-limit-leave-without-alert-message/
Problem in the plugin translation,https://wordpress.org/support/topic/problem-in-the-plugin-translation/
retry mode – button text : “Retry” instead of “Start Quiz”,https://wordpress.org/support/topic/retry-mode-button-text-retry-instead-of-start-quiz/
Upgrading from Themeum 200.2.1 ver. to Ver 3.1 crashes site,https://wordpress.org/support/topic/upgrading-from-themeum-200-2-1-ver-to-ver-3-1-crashes-site/
Inquiry About Decimal Fraction Support in Tutor LMS,https://wordpress.org/support/topic/inquiry-about-decimal-fraction-support-in-tutor-lms/
Difficulty translating the plugin into other languages,https://wordpress.org/support/topic/difficulty-translating-the-plugin-into-other-languages/
Unable to create and edit courses nor can add woocommerce product,https://wordpress.org/support/topic/unable-to-create-and-edit-courses-nor-can-add-woocommerce-product/
Assistance Required: Unable to Add/Edit Courses in Tutor LMS Pro After Update,https://wordpress.org/support/topic/assistance-required-unable-to-add-edit-courses-in-tutor-lms-pro-after-update/
Issue with Certificate Issuance – Nonce not matched,https://wordpress.org/support/topic/issue-with-certificate-issuance-nonce-not-matched/
Emails translation issue,https://wordpress.org/support/topic/emails-translation-issue/
Change text font color in different areas,https://wordpress.org/support/topic/change-text-font-color-in-different-areas/
Tutor LMS Zoom Meeting issue,https://wordpress.org/support/topic/tutor-lms-zoom-meeting-issue/
Enroll for Many Courses at Onetime,https://wordpress.org/support/topic/enroll-for-many-courses-at-onetime/
Course listing title change,https://wordpress.org/support/topic/course-listing-title-change/
Editing The Tutor Dashboard Not working,https://wordpress.org/support/topic/editing-the-tutor-dashboard-not-working/
incorrectly counts the number of lessons and quizzes,https://wordpress.org/support/topic/incorrectly-counts-the-number-of-lessons-and-quizzes/
error in tutor lms 3.0 update,https://wordpress.org/support/topic/error-in-tutor-lms-3-0-update/
Issue: Setting Default Sorting for Dropdown in Tutor LMS Course Page,https://wordpress.org/support/topic/issue-setting-default-sorting-for-dropdown-in-tutor-lms-course-page/
Issues with Tutor LMS and WooCommerce Integration (Free Version),https://wordpress.org/support/topic/issues-with-tutor-lms-and-woocommerce-integration-free-version/
Student Registration not working,https://wordpress.org/support/topic/student-registration-not-working-3/
Tutor LMS custom field in course builder,https://wordpress.org/support/topic/tutor-lms-custom-field-in-course-builder/
Lost Course Page,https://wordpress.org/support/topic/lost-course-page/
Social Login Users (Google) in Tutor LMS for React Native App,https://wordpress.org/support/topic/social-login-users-google-in-tutor-lms-for-react-native-app/
problem using shortcodes with user panel,https://wordpress.org/support/topic/problem-using-shortcodes-with-user-panel/
Abandon Quiz?,https://wordpress.org/support/topic/abandon-quiz/
Create a new course in frontend issue,https://wordpress.org/support/topic/create-a-new-course-in-frontend-issue/
Problem Disabling Right-click and Hotlink,https://wordpress.org/support/topic/problem-disabling-right-click-and-hotlink/
Issue with Schedule field in Course Builder,https://wordpress.org/support/topic/issue-with-schedule-field-in-course-builder/
Display of Custom Field – TUTOR and ACF integration,https://wordpress.org/support/topic/display-of-custom-field-tutor-and-acf-integration/
Can’t Abandon Quiz,https://wordpress.org/support/topic/cant-abandon-quiz/
Tutlor lms courses not showing start learning instead of add to cart,https://wordpress.org/support/topic/tutlor-lms-courses-not-showing-start-learning-instead-of-add-to-cart/
Email tags not working,https://wordpress.org/support/topic/email-tags-not-working/
Course order not showing content list material,https://wordpress.org/support/topic/course-order-not-showing-content-list-material/
Student Registration form not working,https://wordpress.org/support/topic/student-registration-form-not-working/
Native Subscription Plans,https://wordpress.org/support/topic/native-subscription-plans/
Tutor LMS free courses,https://wordpress.org/support/topic/tutor-lms-free-courses/
Bulk update not working,https://wordpress.org/support/topic/bulk-update-not-working-4/
Problem with TUTOR LMS PLUGIN,https://wordpress.org/support/topic/problem-with-tutor-lms-plugin/
Course builder extinding,https://wordpress.org/support/topic/course-builder-extinding/
How to do subscription,https://wordpress.org/support/topic/how-to-do-subscription/
Multiple Bugs on my Tutor LMS site,https://wordpress.org/support/topic/multiple-bugs-on-my-tutor-lms-site/
Critical error on frontpage,https://wordpress.org/support/topic/critical-error-on-frontpage/
"After the new update, the error remains the same",https://wordpress.org/support/topic/after-the-new-update-the-error-remains-the-same/
Students and Quiz Bugs,https://wordpress.org/support/topic/students-and-quiz-bugs/
Earned Marks does not account for decimal fractions,https://wordpress.org/support/topic/earned-marks-does-not-account-for-decimal-fractions/
Tutor LMS 3 upgrade from 2 with WooCommerce setup,https://wordpress.org/support/topic/tutor-lms-3-upgrade-from-2-with-woocommerce-setup/
quiz Result,https://wordpress.org/support/topic/quiz-result-2/
Admin pages no longer mobile friendly after update to 3.0,https://wordpress.org/support/topic/admin-pages-no-longer-mobile-friendly-after-update-to-3-0/
Woocommerce product isn’t showing on the Cart,https://wordpress.org/support/topic/woocommerce-cart-replaced-with-tutor-lms/
Cart page not displaying properly after updated to 3.0,https://wordpress.org/support/topic/cart-page-not-displaying-properly-after-updated-to-3-0/
Copy a course in free edition,https://wordpress.org/support/topic/copy-a-course-in-free-edition/
Error code,https://wordpress.org/support/topic/error-code-79/
Checkout Issue in Tutor LMS on WordPress – Need Help to Fix,https://wordpress.org/support/topic/checkout-issue-in-tutor-lms-on-wordpress-need-help-to-fix/
After the update of 3.0.0 I can’t access the add new and edit courses,https://wordpress.org/support/topic/after-the-update-of-3-0-0-i-cant-access-the-add-new-courses/
tutor lms Video Lesson Completion Control not working,https://wordpress.org/support/topic/tutor-lms-video-lesson-completion-control-not-working/
Custom TinyMCE addon doesn’t work after updating to 3.0.1,https://wordpress.org/support/topic/custom-tinymce-addon-doesnt-work-after-updating-to-3-0-1/
Logo Issue,https://wordpress.org/support/topic/logo-issue-17/
how to show that the answer is wrong at once?,https://wordpress.org/support/topic/how-to-show-that-the-answer-is-wrong-at-once/
After the update I can’t access the create courses and addons page,https://wordpress.org/support/topic/after-the-update-i-cant-access-the-create-courses-and-addons-page/
Add a short description or excerpt under the title of course,https://wordpress.org/support/topic/add-a-short-description-or-excerpt-under-the-title-of-course/
Multiple classes inside a course?,https://wordpress.org/support/topic/multiple-classes-inside-a-course/
Logo on email not appearing,https://wordpress.org/support/topic/logo-on-email-not-appearing/
Is the right to customize course page?,https://wordpress.org/support/topic/is-the-right-to-customize-course-page/
HTTPS is gone on Course page,https://wordpress.org/support/topic/https-is-gone-on-course-page/
"This Amazing LMS Plugin, but hmmmmm..",https://wordpress.org/support/topic/this-amazing-lms-plugin-but-hmmmmm/
Pricing Model missing,https://wordpress.org/support/topic/pricing-model-missing/
Enrolled students in MySQL database,https://wordpress.org/support/topic/enrolled-students-in-mysql-database/
Fatal Error when clicking on Start Learning,https://wordpress.org/support/topic/fatal-error-when-clicking-on-start-learning/
Quiz is protected even if the answer is wrong,https://wordpress.org/support/topic/quiz-is-protected-even-if-the-answer-is-wrong/
Issues after the recent update,https://wordpress.org/support/topic/issues-after-the-recent-update/
Cannot view answers for quiz questions,https://wordpress.org/support/topic/cannot-view-answers-for-quiz-questions/
Editing course page,https://wordpress.org/support/topic/editing-course-page/
There’s a big question in the quiz,https://wordpress.org/support/topic/theres-a-big-question-in-the-quiz/
Start leanring not showing on courses,https://wordpress.org/support/topic/start-leanring-not-showing-on-courses/
Dashboard: Wishlist,https://wordpress.org/support/topic/dashboard-wishlist/
Can’t edit course content with elementor,https://wordpress.org/support/topic/cant-edit-course-content-with-elementor/
Unhandled Runtime Error,https://wordpress.org/support/topic/unhandled-runtime-error/
Failed to initialize plugin: codesample,https://wordpress.org/support/topic/failed-to-initialize-plugin-codesample/
Can’t edit course content,https://wordpress.org/support/topic/cant-edit-course-content/
Tutor LMS Quiz Error,https://wordpress.org/support/topic/tutor-lms-quiz-error/
How can I play HLS encrypted (m3u8) videos,https://wordpress.org/support/topic/how-can-i-play-hls-encrypted-m3u8-videos/
Why There is Shipping on Course Bundle,https://wordpress.org/support/topic/why-there-is-shipping-on-course-bundle/
Manual Enrollment,https://wordpress.org/support/topic/manual-enrollment-3/
Find completed course in database,https://wordpress.org/support/topic/find-completed-course-in-database/
Different display of courses with the same settings,https://wordpress.org/support/topic/different-display-of-courses-with-the-same-settings/
Lessons in course do not show,https://wordpress.org/support/topic/lessons-in-course-do-not-show/
Show more/less translation switches back & missing in Loco translate,https://wordpress.org/support/topic/show-more-less-translation-switches-back-missing-in-loco-translate/
Inquiry About Black Friday Discount for Tutor LMS Pro Version,https://wordpress.org/support/topic/inquiry-about-black-friday-discount-for-tutor-lms-pro-version/
Problem in syc comments or Q&A in dashboard,https://wordpress.org/support/topic/problem-in-syc-comments-or-qa-in-dashboard/
Quize Free,https://wordpress.org/support/topic/quize-free/
i create custom course detail but not affect for course bundle,https://wordpress.org/support/topic/i-create-custom-course-detail-but-not-affect-for-course-bundle/
Immediate Attention Needed: Videos Stuck on Buffering,https://wordpress.org/support/topic/immediate-attention-needed-videos-stuck-on-buffering/
People ARe not able to watch videos as when they click on video it starts buffer,https://wordpress.org/support/topic/people-are-not-able-to-watch-videos-as-when-they-click-on-video-it-starts-buffer/
I have these errors. Please help:(,https://wordpress.org/support/topic/tengo-estos-errores/
Start learning don’t start the course,https://wordpress.org/support/topic/start-learning-dont-start-the-course/
[NSFW] How can I change login page a dashboard in website.com/dashboard,https://wordpress.org/support/topic/how-can-i-change-login-page-a-dashboard-in-website-com-dashboard/
The button ‘Add to questions’ its not working,https://wordpress.org/support/topic/the-button-add-to-questions-its-not-working/
How to sell same course individually and under membership both,https://wordpress.org/support/topic/how-to-sell-same-course-individually-and-under-membership-both/
course count by Instructor,https://wordpress.org/support/topic/course-count-by-instructor/
Custom Courses Page,https://wordpress.org/support/topic/custom-courses-page/
In tutor lms how can I modify course-category page,https://wordpress.org/support/topic/in-tutor-lms-how-can-i-modify-course-category-page/
Students suddenly cant login.,https://wordpress.org/support/topic/students-suddenly-cant-login/
Add external and manual grading – REST API,https://wordpress.org/support/topic/add-external-and-manual-grading-rest-api/
Question Answer link in dasboard not working,https://wordpress.org/support/topic/question-answer-link-in-dasboard-not-working/
Does it support viewing videos on YouTube without using the Tutor player?,https://wordpress.org/support/topic/does-it-support-viewing-videos-on-youtube-without-using-the-tutor-player/
Conflict API REST with Woocommerce,https://wordpress.org/support/topic/conflict-api-rest-with-woocommerce/
Custom certificate error,https://wordpress.org/support/topic/custom-certificate-error/
Content disappearing,https://wordpress.org/support/topic/content-disappearing-6/
Add to cart link + redirect after student subscribes,https://wordpress.org/support/topic/add-to-cart-link-redirect-after-student-subscribes/
Can’t create custom course archive page,https://wordpress.org/support/topic/cant-create-custom-course-archive-page/
I don’t see the course in the courses section,https://wordpress.org/support/topic/i-dont-see-the-course-in-the-courses-section/
Funny error message at login page,https://wordpress.org/support/topic/funny-error-message-at-login-page/
Cant translate certain stuff,https://wordpress.org/support/topic/cant-translate-certain-stuff/
Hide/disable quiz feedback,https://wordpress.org/support/topic/hide-disable-quiz-feedback/
Cant complete a quizz and it resets after all the ansewrs,https://wordpress.org/support/topic/cant-complete-a-quizz-and-it-resets-after-all-the-ansewrs/
Show WooCommerce Order in Tutor LMS Dashboard’s Order History,https://wordpress.org/support/topic/show-woocommerce-order-in-tutor-lms-dashboards-order-history/
Student are not getting course after purchasing,https://wordpress.org/support/topic/student-are-not-getting-course-after-purchasing/
can’t direct after login,https://wordpress.org/support/topic/cant-direct-after-login/
Migrating from Learnworlds,https://wordpress.org/support/topic/migrating-from-learnworlds/
New Students Unable to Enroll After WooCommerce Purchase,https://wordpress.org/support/topic/new-students-unable-to-enroll-after-woocommerce-purchase/
Complete Button Not Appear,https://wordpress.org/support/topic/complete-button-not-appear/
course permalink with transliterated title,https://wordpress.org/support/topic/course-permalink-with-transliterated-title/
Redirect After Login Based On User Role,https://wordpress.org/support/topic/redirect-after-login-based-on-user-role-2/
Issue with Instructor Profile URL Parameter Causing Unexpected Redirection,https://wordpress.org/support/topic/issue-with-instructor-profile-url-parameter-causing-unexpected-redirection/
Quizz time expired before the start,https://wordpress.org/support/topic/quizz-time-expired-before-the-start/
Error when adding yandex.metrica,https://wordpress.org/support/topic/error-when-adding-yandex-metrica/
Tutor lms and woocommerce conflicting with elementor plugin,https://wordpress.org/support/topic/tutor-lms-and-woocommerce-conflicting-with-elementor-plugin/
[NSFW] Approve Instructor,https://wordpress.org/support/topic/approve-instructor/
How do I force users to login before accessing free course?,https://wordpress.org/support/topic/how-do-i-force-users-to-login-before-accessing-free-course/
Taxes are not shown,https://wordpress.org/support/topic/taxes-are-not-shown-3/
Non-video based lesson,https://wordpress.org/support/topic/non-video-based-lesson/
Trial Access Feature Request,https://wordpress.org/support/topic/trial-access-feature-request/
"You do not receive emails when registering instructors, students or courses.",https://wordpress.org/support/topic/you-do-not-receive-emails-when-registering-instructors-students-or-courses/
Add to Cart” Button Not Visible for Courses in Tutor LMS,https://wordpress.org/support/topic/add-to-cart-button-not-visible-for-courses-in-tutor-lms/
Order of courses displayed in Bundle,https://wordpress.org/support/topic/order-of-courses-displayed-in-bundle/
Cannot remove Course Bundle,https://wordpress.org/support/topic/cannot-remove-course-bundle/
Students Unable to Register or Login After Switching to Free Version,https://wordpress.org/support/topic/students-unable-to-register-or-login-after-switching-to-free-version/
Duplicate course,https://wordpress.org/support/topic/duplicate-course-4/
How do I create an event?,https://wordpress.org/support/topic/how-do-i-create-an-event/
Course redirects to woocommerce product page,https://wordpress.org/support/topic/course-redirects-to-woocommerce-product-page/
Husky conflict,https://wordpress.org/support/topic/husky-conflict/
What’s the best and/or most well integrated affiliate plugin for TutorLMS?,https://wordpress.org/support/topic/whats-the-best-and-or-most-well-integrated-affiliate-plugin-for-tutorlms/
Withdrawal Request in Instructor Dashboard,https://wordpress.org/support/topic/withdrawal-request-in-instructor-dashboard/
Change Bottom Banner Next and Previous Button,https://wordpress.org/support/topic/change-bottom-banner-next-and-previous-button/
Profile Icon,https://wordpress.org/support/topic/profile-icon-3/
Courses are not selectable in Course Bundle,https://wordpress.org/support/topic/courses-are-not-selectable-in-course-bundle/
View all the quizzes,https://wordpress.org/support/topic/view-all-the-quizzes/
Continue Course button,https://wordpress.org/support/topic/continue-course-button-2/
Do you plan to add option to use quizzes a shortcode to embed on other pages?,https://wordpress.org/support/topic/do-you-plan-to-add-option-to-use-quizzes-a-shortcode-to-embed-on-other-pages/
Downloadable products in the Tutor Dashobard,https://wordpress.org/support/topic/downloadable-products-in-the-tutor-dashobard/
Dashboard,https://wordpress.org/support/topic/dashboard-130/
Guest mode,https://wordpress.org/support/topic/guest-mode-3/
Students Being Redirected to Completed Quiz,https://wordpress.org/support/topic/students-being-redirected-to-completed-quiz/
Students Being Redirected to Completed Quiz Instead of Proceeding to Next Lesson,https://wordpress.org/support/topic/students-being-redirected-to-completed-quiz-instead-of-proceeding-to-next-lesson/
Change course lesson slug,https://wordpress.org/support/topic/change-course-lesson-slug/
Translation problem and video player problem,https://wordpress.org/support/topic/translation-problem-and-video-player-problem/
How can i restore my tutor lms pro courses,https://wordpress.org/support/topic/how-can-i-restore-my-tutor-lms-pro-courses/
Download certificate,https://wordpress.org/support/topic/download-certificate-2/
Sell access to upcoming events,https://wordpress.org/support/topic/sell-access-to-upcoming-events/
Quando instalo o plug-ins tuto da erro crítico,https://wordpress.org/support/topic/quando-instalo-o-plug-ins-tuto-da-erro-critico/
Problems with password reset,https://wordpress.org/support/topic/problems-with-password-reset-2/
Course Page error,https://wordpress.org/support/topic/course-page-error-2/
Fixed viewport layout for question text and quizzes,https://wordpress.org/support/topic/fixed-viewport-layout-for-question-text-and-quizzes-2/
No Registra Estudiantes,https://wordpress.org/support/topic/no-registra-estudiantes/
tutor-icon issue in Chrome,https://wordpress.org/support/topic/tutor-icon-issue-in-chrome/
Tutor LMS certificate custom fields,https://wordpress.org/support/topic/tutor-lms-certificate-custom-fields/
Topic Icon,https://wordpress.org/support/topic/topic-icon/
"While TutorLMS works on Elementor Editor mode, it does not works on Finish mode",https://wordpress.org/support/topic/while-tutorlms-works-on-elementor-editor-mode-it-does-not-works-on-finish-mode/
Tutor LMS Rest API does not showing the price,https://wordpress.org/support/topic/tutor-lms-rest-api-does-not-showing-the-price/
Auto populate video length for all lessons,https://wordpress.org/support/topic/auto-populate-video-length-for-all-lessons/
Using your own registration form in Tutor LMS,https://wordpress.org/support/topic/using-your-own-registration-form-in-tutor-lms/
Custom fields woo commerce checkout,https://wordpress.org/support/topic/custom-fields-woo-commerce-checkout/
Custom Course Feedback Form or Survey,https://wordpress.org/support/topic/custom-course-feedback-form-or-survey/
Tutor lms withdrawals,https://wordpress.org/support/topic/tutor-lms-withdrawals/
How to hide course from public but keep it visible to enrolled users,https://wordpress.org/support/topic/how-to-hide-course-from-public-but-keep-it-visible-to-enrolled-users/
Course retake mode not working,https://wordpress.org/support/topic/course-retake-mode-not-working/
Lesson complete not working with a PDF attachment only as the lesson,https://wordpress.org/support/topic/lesson-complete-not-working-with-a-pdf-attachment-only-as-the-lesson/
Change course-bundle slug,https://wordpress.org/support/topic/change-course-bundle-slug/
Course Bundle / Reports Add-on – Missing translations,https://wordpress.org/support/topic/course-bundle-add-on-missing-translations/
The default image lightbox feature in Elementor is not working inside tutor,https://wordpress.org/support/topic/the-default-image-lightbox-feature-in-elementor-is-not-working-inside-tutor/
Category hierarchy not showing in course filer on the course archive,https://wordpress.org/support/topic/category-hierarchy-not-showing-in-course-filer-on-the-course-archive/
Mark as Complete lesson not showing Desktop,https://wordpress.org/support/topic/mark-as-complete-lesson-not-showing-desktop/
time for Quiz,https://wordpress.org/support/topic/time-for-quiz/
Filter or sorting only loop,https://wordpress.org/support/topic/filter-or-sorting-only-loop/
Error! parsererror,https://wordpress.org/support/topic/error-parsererror/
Player size for mp3,https://wordpress.org/support/topic/player-size-for-mp3/
Tutor LMS removing backslash in Latex inside quiz,https://wordpress.org/support/topic/tutor-lms-removing-backslash-in-latex-inside-quiz/
Tutor LMS default markings,https://wordpress.org/support/topic/tutor-lms-default-markings/
missing/congflicting admin/user pages/dashboards,https://wordpress.org/support/topic/basic-missing-admin-user-ui/
Tutor lms issue with Hello Elementor theme,https://wordpress.org/support/topic/tutor-lms-issue-with-hello-elementor-theme/
Bulk import students using a CSV file,https://wordpress.org/support/topic/bulk-import-students-using-a-csv-file/
Does TutorLMS integrates with TranslatePress?,https://wordpress.org/support/topic/does-tutorlms-integrates-with-translatepress/
How to clean Autoloaded files,https://wordpress.org/support/topic/how-to-clean-autoloaded-files/
Into and Lesson Videos not working on Android,https://wordpress.org/support/topic/into-and-lesson-videos-not-working-on-android/
Direct Checkout ( Woocommerce ),https://wordpress.org/support/topic/direct-checkout-woocommerce/
File Upload not working properly (Assignment),https://wordpress.org/support/topic/file-upload-not-working-properly-assignment/
Course Archive page layout is not mobile responsive.,https://wordpress.org/support/topic/course-archive-page-layout-is-not-mobile-responsive/
restore the menu from the Tutor Starter theme,https://wordpress.org/support/topic/restore-the-menu-from-the-tutor-starter-theme/
restor tutor starter header,https://wordpress.org/support/topic/restor-tutor-starter-header/
Creating a Live Course page around Tutor LMS,https://wordpress.org/support/topic/creating-a-live-course-page-around-tutor-lms-2/
How to fake number of student learned one course,https://wordpress.org/support/topic/how-to-fake-number-of-student-learned-one-course/
Tutor LMS Datepicker – Calendar Translation Problem,https://wordpress.org/support/topic/tutor-lms-datepicker-calendar-translation-problem/
Email logo,https://wordpress.org/support/topic/email-logo-2/
disable student account tutor lms,https://wordpress.org/support/topic/disable-student-account-tutor-lms/
student logout page not working,https://wordpress.org/support/topic/student-logout-page-not-working/
How to add a checkpoint point in a course on tutor lms,https://wordpress.org/support/topic/how-to-add-a-checkpoint-point-in-a-course-on-tutor-lms/
Exporting courses without dashboard access,https://wordpress.org/support/topic/exporting-courses-from-phpmyadmin/
"Elementor Issue, Course Page scattered, WooCommerce Order issue",https://wordpress.org/support/topic/elementor-issue-course-page-scattered-woocommerce-order-issue/
Wrong Video Source Default,https://wordpress.org/support/topic/wrong-video-source-default/
Adding Course preview video not displaying anywhere on course page,https://wordpress.org/support/topic/adding-course-preview-video-not-displaying-anywhere-on-course-page/
Urgent- Students are enrolling without paying,https://wordpress.org/support/topic/urgent-students-are-enrolling-without-paying/
How to link a particular course on a student or on a group of student,https://wordpress.org/support/topic/how-to-link-a-particular-course-on-a-student-or-on-a-group-of-student/
How to edit tutor login page,https://wordpress.org/support/topic/how-to-edit-tutor-login-page/
Critical Error when logging through TutorLMS login form on dashboard page,https://wordpress.org/support/topic/critical-error-when-logging-through-tutorlms-login-form-on-dashboard-page/
Add question button not working,https://wordpress.org/support/topic/add-question-button-not-working/
Tutor LMS profile element,https://wordpress.org/support/topic/tutor-lms-profile-element/
TutorLMS showing critical error when working with FluentSMTP,https://wordpress.org/support/topic/tutorlms-showing-critical-error-when-working-with-fluentsmtp/
Error when adding reviews,https://wordpress.org/support/topic/error-when-adding-reviews/
Negative Marking,https://wordpress.org/support/topic/negative-marking-4/
Why free lesson enroll student,https://wordpress.org/support/topic/why-free-lesson-enroll-student/
tutor LMS (especially Quizzes) on mobile,https://wordpress.org/support/topic/tutor-lms-especially-quizzes-on-mobile/
delete username field at registration student,https://wordpress.org/support/topic/delete-username-field-at-registration-student/
Add To Cart redirecting me to homepage,https://wordpress.org/support/topic/add-to-cart-redirecting-me-to-homepage/
Video Lesson Completion Control not working,https://wordpress.org/support/topic/video-lesson-completion-control-not-working/
Mark as Complete button is missing,https://wordpress.org/support/topic/mark-as-complete-button-is-missing/
Unable to Add or Update Lessons in Tutor LMS,https://wordpress.org/support/topic/unable-to-add-or-update-lessons-in-tutor-lms/
Tutor LMS Dashboard Menu Items Not Showing Properly,https://wordpress.org/support/topic/tutor-lms-dashboard-menu-items-not-showing-properly/
Can’t add qny questions ti quizzes,https://wordpress.org/support/topic/cant-add-qny-questions-ti-quizzes/
Tutor LMS is destroying my site SEO with redirect links,https://wordpress.org/support/topic/tutor-lms-is-destroying-my-site-seo-with-redirect-links/
I need to enable shortcodes into lessons,https://wordpress.org/support/topic/i-need-to-enable-shortcodes-into-lessons/
PHP errors when updating to version 2.7.3,https://wordpress.org/support/topic/php-errors-when-updating-to-version-2-7-3/
Critical Error in Tutor LMS,https://wordpress.org/support/topic/critical-error-in-tutor-lms/
Problem displaying video on mobile,https://wordpress.org/support/topic/problem-displaying-video-on-mobile/
critical error when accessing the plugin’s courses scree,https://wordpress.org/support/topic/marcos-wesleyhotmail-com-br/
Issue with WooCommerce,https://wordpress.org/support/topic/issue-with-woocommerce-17/
No auto-enrollment of buyers,https://wordpress.org/support/topic/no-auto-enrollment-of-buyers/
Buyers not enrolled,https://wordpress.org/support/topic/buyers-not-enrolled/
Warning: Attempt to read property “content” on null,https://wordpress.org/support/topic/warning-attempt-to-read-property-content-on-null/
Profile name on header is in black text,https://wordpress.org/support/topic/profile-name-on-header-is-in-black-text/
Translation of tutor-front.js,https://wordpress.org/support/topic/translation-of-tutor-front-js/
Category Filter in Enrolled Course,https://wordpress.org/support/topic/category-filter-in-enrolled-course/
Full screen,https://wordpress.org/support/topic/full-screen-39/
The translation is not shown,https://wordpress.org/support/topic/the-translation-is-not-shown/
Adding link to the dashboard page,https://wordpress.org/support/topic/adding-link-to-the-dashboard-page/
Twenty Twenty-FourVersie: 1.2 responsive menu does not work with Tutor LMS,https://wordpress.org/support/topic/twenty-twenty-fourversie-1-2-responsive-menu-does-not-work-with-tutor-lms/
Setting login form in different places on website,https://wordpress.org/support/topic/setting-login-form-in-different-places-on-website/
Orders status is not set to “Completed” after a succesful payment,https://wordpress.org/support/topic/orders-status-is-not-set-to-completed-after-a-succesful-payment/
The padding of the pages in TUTOR LMS is below the menu of my website.,https://wordpress.org/support/topic/the-padding-of-the-pages-in-tutor-lms-is-below-the-menu-of-my-website/
Locked content – admin/instructor,https://wordpress.org/support/topic/locked-content-admin-instructor/
Students data migration to another website,https://wordpress.org/support/topic/students-data-migration-to-another-website/
Editing The Tutor Dashboard: Page not found,https://wordpress.org/support/topic/editing-the-tutor-dashboard-page-not-found/
Tutor LMS Pro – Access denied to backend,https://wordpress.org/support/topic/tutor-lms-pro-access-denied-to-backend/
Lessons & Quizzes: how to noindex and remove from sitemap with Yoast SEO?,https://wordpress.org/support/topic/lessons-quizzes-how-to-noindex-and-remove-from-sitemap-with-yoast-seo/
Can we publish quiz in any regular posts or pages,https://wordpress.org/support/topic/can-we-publish-quiz-in-any-regular-posts-or-pages/
When ı upgrade new version ı lost my all courses,https://wordpress.org/support/topic/when-i-upgrade-new-version-i-lost-my-all-courses/
Fatal error after update 2.7.3 tutor,https://wordpress.org/support/topic/fatal-error-after-update-2-7-3-tutor/
Buy single course and membership,https://wordpress.org/support/topic/buy-single-course-and-membership/
Page content on the content left sidebar,https://wordpress.org/support/topic/page-content-on-the-content-left-sidebar/
Emails Verification: Edit email content,https://wordpress.org/support/topic/emails-verification-edit-email-content/
Rich Text editor for Quiz creation,https://wordpress.org/support/topic/rich-text-editor-for-quiz-creation/
Students are not enrolling in the course,https://wordpress.org/support/topic/students-are-not-enrolling-in-the-course/
[HELP] Review tab is messing up Course Page,https://wordpress.org/support/topic/help-review-tab-is-messing-up-course-page/
Changing # of Total Enrolled,https://wordpress.org/support/topic/changing-of-total-enrolled/
Getting started button erorr,https://wordpress.org/support/topic/getting-started-button-erorr-2/
Enrollment doesn’t work on upsells,https://wordpress.org/support/topic/enrollment-doesnt-work-on-upsells/
My dashboard redirect 404 to internal links,https://wordpress.org/support/topic/my-dashboard-redirect-404-to-internal-links/
I want to add custom taxonomy to courses apart from categories and tags.,https://wordpress.org/support/topic/i-want-to-add-custom-taxonomy-to-courses-apart-from-categories-and-tags/
Find tutor certificate credential id in database,https://wordpress.org/support/topic/find-tutor-certificate-credential-id-in-database/
Course is directing me to 404 not found,https://wordpress.org/support/topic/course-is-directing-me-to-404-not-found/
Edit email content template,https://wordpress.org/support/topic/edit-email-content-template/
Course ORDER!?,https://wordpress.org/support/topic/course-order/
TUTOR LMS COURSE BUNDLE – doesnt show,https://wordpress.org/support/topic/tutor-lms-course-bundle-doesnt-show/
How to change the format of the “Phone number” in the Dashboard Profile?,https://wordpress.org/support/topic/how-to-change-the-format-of-the-phone-number-in-the-dashboard-profile/
user progress migration,https://wordpress.org/support/topic/user-progress-migration/
tutor LMS and Woocommerce,https://wordpress.org/support/topic/tutor-lms-and-woocommerce-2/
Add ad to cart button on course page,https://wordpress.org/support/topic/add-ad-to-cart-button-on-course-page/
Suggestion with Tutor Lms and alliance with Surecart,https://wordpress.org/support/topic/suggestion-with-tutor-lms-and-alliance-with-surecart/
Lesson links return a 404 error,https://wordpress.org/support/topic/lesson-links-return-a-404-error/
Lack of new user accounts in WordPress after purchasing the course in TutorLMS,https://wordpress.org/support/topic/lack-of-new-user-accounts-in-wordpress-after-purchasing-the-course-in-tutorlms/
"After update the elementor latest version, it broke the enrolled-cours page",https://wordpress.org/support/topic/after-update-the-elementor-latest-version-it-broke-the-enrolled-cours-page-2/
tutor LMS and Woocommerce,https://wordpress.org/support/topic/tutor-lms-and-woocommerce/
Tecnical issues on mobile and reset password,https://wordpress.org/support/topic/tecnical-issues-on-mobile-and-reset-password/
[NSFW] YouTube movie uploaden in Tutor,https://wordpress.org/support/topic/youtube-movie-uploaden-in-tutor/
How to add audio it should be downloadable by students,https://wordpress.org/support/topic/how-to-add-audio-it-should-be-downloadable-by-students/
Client interface,https://wordpress.org/support/topic/client-interface/
Course Plans,https://wordpress.org/support/topic/course-plans/
All Users UNABLE To Use Login Screen,https://wordpress.org/support/topic/all-users-unable-to-use-login-screen/
Not able to change the CART color,https://wordpress.org/support/topic/not-able-to-change-the-cart-color/
They don’t display all the courses in the page courses,https://wordpress.org/support/topic/they-dont-display-all-the-courses-in-the-page-courses/
I can’t set it up,https://wordpress.org/support/topic/i-cant-set-it-up/
problem with mobile responsiveness,https://wordpress.org/support/topic/problem-with-mobile-responsiveness-2/
Student Profile Page is empty,https://wordpress.org/support/topic/student-profile-page-is-empty/
Elementor block not displaying well,https://wordpress.org/support/topic/elementor-block-not-displaying-well/
Settings Not Changing Design & General Design,https://wordpress.org/support/topic/settings-not-changing-design-general-design/
quiz system,https://wordpress.org/support/topic/quiz-system/
[BUG]: Mobile users (iOS/Android) cannot start learning course from course page,https://wordpress.org/support/topic/bug-mobile-users-ios-android-cannot-start-learning-course-from-course-page/
Tutor LMS plugin,https://wordpress.org/support/topic/tutor-lms-plugin-2/
How to add order detail link on each order number in purchase_history page,https://wordpress.org/support/topic/how-to-add-order-detail-link-on-each-order-number-in-purchase_history-page/
How to manualy aprove a user to a course after payment or manualy aprove,https://wordpress.org/support/topic/how-to-manualy-aprove-a-user-to-a-course-after-payment-or-manualy-aprove/
"Tutor lms, How to show course bundles in Carousell Element tab?",https://wordpress.org/support/topic/tutor-lms-how-to-show-course-bundles-in-carousell-element-tab/
Change student progress in a course,https://wordpress.org/support/topic/change-student-progress-in-a-course/
Course login for unregistered clients,https://wordpress.org/support/topic/course-login-for-unregistered-clients/
Bug on the official website – Refund problem,https://wordpress.org/support/topic/bug-on-the-official-website-refund-problem/
Public announcements,https://wordpress.org/support/topic/public-announcements/
Calendar not displaying data on other months except current month,https://wordpress.org/support/topic/calendar-not-displaying-data-on-other-months-except-current-month/
Issue with White Space at the Bottom of Lesson Page,https://wordpress.org/support/topic/issue-with-white-space-at-the-bottom-of-lesson-page/
Course Filter,https://wordpress.org/support/topic/course-filter-2/
Color change affects backend,https://wordpress.org/support/topic/color-change-affects-backend/
Course Details Page in Mobile View isn’t responsive,https://wordpress.org/support/topic/course-details-page-in-mobile-view-isnt-responsive/
How to expand textarea in #tutor-course-additional-data,https://wordpress.org/support/topic/how-to-expand-textarea-in-tutor-course-additional-data/
Translation not taken into account by the theme.,https://wordpress.org/support/topic/translation-not-taken-into-account-by-the-theme/
Why doesn’t my public training page appear?,https://wordpress.org/support/topic/why-doesnt-my-public-training-page-appear/
Option to resume quiz feature,https://wordpress.org/support/topic/option-to-resume-quiz-feature/
monetization reverts back to disabled,https://wordpress.org/support/topic/monetization-reverts-back-to-disabled/
Coursant / user activity log.. ? records,https://wordpress.org/support/topic/coursant-user-activity-log-records/
How to make evolving bundle?,https://wordpress.org/support/topic/how-to-make-evolving-bundle/
Tutor LMS Pro + WooCommerce (with Mollie payment) + Paid Memberships PRO experie,https://wordpress.org/support/topic/tutor-lms-pro-woocommerce-with-mollie-payment-paid-memberships-pro-experie/
Escape commas when exporting students data,https://wordpress.org/support/topic/escape-commas-when-exporting-students-data/
Not enrolled after purchase,https://wordpress.org/support/topic/not-enrolled-after-purchase/
Tutor plugin database error,https://wordpress.org/support/topic/tutor-plugin-database-error/
Mobile version in 2 columns,https://wordpress.org/support/topic/mobile-version-in-2-columns/
Problem with Embedded Video with custom player,https://wordpress.org/support/topic/problem-with-embedded-video-with-custom-player/
Confusion between WooCommerce account page and tutor lms account dashboard,https://wordpress.org/support/topic/confusion-between-woocommerce-account-page-and-tutor-lms-account-dashboard/
User not created,https://wordpress.org/support/topic/user-not-created/
Importing users (Students) as CSV file,https://wordpress.org/support/topic/importing-users-students-as-csv-file/
Addition of schedule in each lesson in tutor lms,https://wordpress.org/support/topic/addition-of-schedule-in-each-lesson-in-tutor-lms/
How do I remove mandatory field from student registration form?,https://wordpress.org/support/topic/how-do-i-remove-mandatory-field-from-student-registration-form/
Include Woocommerce “billing_cpf” field in Certificate Builder,https://wordpress.org/support/topic/include-woocommerce-billing_cpf-field-in-certificate-builder/
Zoom with Tutor LMS,https://wordpress.org/support/topic/zoom-with-tutor-lms/
Social Profile Bug (I’ve been waiting for weeks!),https://wordpress.org/support/topic/social-profile-bug-ive-been-waiting-for-weeks/
How to remove the lesson-sitemap.xml from sitemap_index.xml,https://wordpress.org/support/topic/how-to-remove-the-lesson-sitemap-xml-from-sitemap_index-xml/
How to show a list of people who have already completed the course?,https://wordpress.org/support/topic/how-to-show-a-list-of-people-who-have-already-completed-the-course/
Quizzes Force Sign-in In Non-Enrolled Courses,https://wordpress.org/support/topic/quizzes-force-sign-in-in-non-enrolled-courses/
Can’t do shortcode in Tutor LMS Dashboard,https://wordpress.org/support/topic/cant-do-shortcode-in-tutor-lms-dashboard/
Redirect students after submitting registration form.,https://wordpress.org/support/topic/redirect-students-after-submitting-registration-form/
